F709.jpg,F374.jpg,F624.jpg
F164.jpg,F673.jpg,F31.jpg
F264.jpg,F44.jpg,F93.jpg
F785.jpg,F662.jpg,F302.jpg
F906.jpg,F33.jpg,F418.jpg
F364.jpg,F729.jpg,F757.jpg
F179.jpg,F467.jpg,F424.jpg
F616.jpg,F676.jpg,F718.jpg
F264.jpg,F648.jpg,F623.jpg
F155.jpg,F114.jpg,F474.jpg
F915.jpg,F325.jpg,F557.jpg
F214.jpg,F716.jpg,F243.jpg
F483.jpg,F666.jpg,F848.jpg
F915.jpg,F521.jpg,F132.jpg
F143.jpg,F246.jpg,F800.jpg
F243.jpg,F776.jpg,F232.jpg
F886.jpg,F334.jpg,F187.jpg
F240.jpg,F587.jpg,F451.jpg
F336.jpg,F791.jpg,F557.jpg
F524.jpg,F874.jpg,F272.jpg
F722.jpg,F718.jpg,F362.jpg
F542.jpg,F73.jpg,F52.jpg
F506.jpg,F742.jpg,F889.jpg
F124.jpg,F542.jpg,F447.jpg
F12.jpg,F321.jpg,F155.jpg
F757.jpg,F297.jpg,F503.jpg
F158.jpg,F574.jpg,F251.jpg
F624.jpg,F657.jpg,F712.jpg
F430.jpg,F80.jpg,F218.jpg
F871.jpg,F146.jpg,F786.jpg
F514.jpg,F949.jpg,F75.jpg
F422.jpg,F102.jpg,F915.jpg
F5.jpg,F738.jpg,F778.jpg
F828.jpg,F81.jpg,F381.jpg
F248.jpg,F762.jpg,F411.jpg
F868.jpg,F174.jpg,F251.jpg
F139.jpg,F130.jpg,F827.jpg
F553.jpg,F524.jpg,F138.jpg
F813.jpg,F593.jpg,F334.jpg
F490.jpg,F383.jpg,F73.jpg
F229.jpg,F118.jpg,F175.jpg
F229.jpg,F398.jpg,F48.jpg
F861.jpg,F900.jpg,F467.jpg
F467.jpg,F322.jpg,F856.jpg
F352.jpg,F106.jpg,F743.jpg
F372.jpg,F231.jpg,F385.jpg
F92.jpg,F126.jpg,F896.jpg
F912.jpg,F548.jpg,F57.jpg
F224.jpg,F337.jpg,F781.jpg
F15.jpg,F41.jpg,F161.jpg
F619.jpg,F697.jpg,F617.jpg
F430.jpg,F521.jpg,F282.jpg
F710.jpg,F180.jpg,F654.jpg
F175.jpg,F351.jpg,F595.jpg
F744.jpg,F78.jpg,F884.jpg
F740.jpg,F464.jpg,F415.jpg
F426.jpg,F292.jpg,F484.jpg
F487.jpg,F779.jpg,F756.jpg
F615.jpg,F361.jpg,F772.jpg
F508.jpg,F334.jpg,F893.jpg
F835.jpg,F524.jpg,F592.jpg
F560.jpg,F198.jpg,F287.jpg
F449.jpg,F220.jpg,F803.jpg
F186.jpg,F216.jpg,F163.jpg
F217.jpg,F415.jpg,F296.jpg
F880.jpg,F410.jpg,F176.jpg
F863.jpg,F933.jpg,F418.jpg
F106.jpg,F246.jpg,F389.jpg
F567.jpg,F250.jpg,F574.jpg
F678.jpg,F212.jpg,F112.jpg
F283.jpg,F304.jpg,F404.jpg
F484.jpg,F82.jpg,F250.jpg
F764.jpg,F28.jpg,F884.jpg
F697.jpg,F466.jpg,F551.jpg
F227.jpg,F437.jpg,F916.jpg
F522.jpg,F497.jpg,F221.jpg
F466.jpg,F595.jpg,F646.jpg
F377.jpg,F350.jpg,F940.jpg
F36.jpg,F843.jpg,F869.jpg
F759.jpg,F94.jpg,F250.jpg
F320.jpg,F648.jpg,F130.jpg
F688.jpg,F102.jpg,F622.jpg
F471.jpg,F742.jpg,F681.jpg
F862.jpg,F849.jpg,F318.jpg
F666.jpg,F189.jpg,F30.jpg
F710.jpg,F477.jpg,F457.jpg
F863.jpg,F581.jpg,F588.jpg
F820.jpg,F767.jpg,F549.jpg
F175.jpg,F229.jpg,F844.jpg
F28.jpg,F467.jpg,F160.jpg
F933.jpg,F679.jpg,F476.jpg
F449.jpg,F57.jpg,F649.jpg
F41.jpg,F69.jpg,F497.jpg
F93.jpg,F779.jpg,F778.jpg
F689.jpg,F143.jpg,F628.jpg
F495.jpg,F927.jpg,F618.jpg
F763.jpg,F433.jpg,F412.jpg
F787.jpg,F80.jpg,F127.jpg
F166.jpg,F373.jpg,F791.jpg
F766.jpg,F58.jpg,F380.jpg